-- phpMyAdmin SQL Dump
-- version 4.8.5
-- https://www.phpmyadmin.net/
--
-- Host: 127.0.0.1
-- Generation Time: Aug 27, 2019 at 12:29 PM
-- Server version: 10.1.38-MariaDB
-- PHP Version: 7.3.2

SET SQL_MODE = "NO_AUTO_VALUE_ON_ZERO";
SET AUTOCOMMIT = 0;
START TRANSACTION;
SET time_zone = "+00:00";


/*!40101 SET @OLD_CHARACTER_SET_CLIENT=@@CHARACTER_SET_CLIENT */;
/*!40101 SET @OLD_CHARACTER_SET_RESULTS=@@CHARACTER_SET_RESULTS */;
/*!40101 SET @OLD_COLLATION_CONNECTION=@@COLLATION_CONNECTION */;
/*!40101 SET NAMES utf8mb4 */;

--
-- Database: `itailor`
--

-- --------------------------------------------------------

--
-- Table structure for table `categories`
--

CREATE TABLE `categories` (
  `id` int(10) UNSIGNED NOT NULL,
  `name` varchar(255) COLLATE utf8mb4_unicode_ci NOT NULL,
  `visible` int(11) NOT NULL COMMENT '1-visible,0-invisible',
  `created_at` timestamp NOT NULL DEFAULT CURRENT_TIMESTAMP,
  `updated_at` timestamp NOT NULL DEFAULT CURRENT_TIMESTAMP ON UPDATE CURRENT_TIMESTAMP
) ENGINE=InnoDB DEFAULT CHARSET=utf8mb4 COLLATE=utf8mb4_unicode_ci;

--
-- Dumping data for table `categories`
--

INSERT INTO `categories` (`id`, `name`, `visible`, `created_at`, `updated_at`) VALUES
(3, 'Suit Set', 1, '2019-08-08 06:09:07', '2019-08-19 13:17:09'),
(4, 'Pant Shirt', 1, '2019-08-08 09:34:14', '2019-08-08 09:34:14'),
(5, 'Jeans T-Shirt', 1, '2019-08-10 12:16:41', '2019-08-20 07:03:34'),
(6, 'T-Shirt Round', 1, '2019-08-20 09:39:53', '2019-08-20 09:39:53'),
(7, 'T-shirt', 1, '2019-08-20 09:41:18', '2019-08-20 09:41:18'),
(8, 'Pant -Shirt 23', 1, '2019-08-20 10:21:29', '2019-08-20 10:21:29');

-- --------------------------------------------------------

--
-- Table structure for table `cat_measurement`
--

CREATE TABLE `cat_measurement` (
  `id` int(11) NOT NULL,
  `cat_id` int(11) NOT NULL,
  `label` varchar(255) COLLATE utf8mb4_unicode_ci NOT NULL,
  `measurment_id` varchar(255) COLLATE utf8mb4_unicode_ci NOT NULL,
  `created_date` timestamp NOT NULL DEFAULT CURRENT_TIMESTAMP ON UPDATE CURRENT_TIMESTAMP,
  `updated_date` timestamp NOT NULL DEFAULT CURRENT_TIMESTAMP ON UPDATE CURRENT_TIMESTAMP
) ENGINE=InnoDB DEFAULT CHARSET=utf8mb4 COLLATE=utf8mb4_unicode_ci;

--
-- Dumping data for table `cat_measurement`
--

INSERT INTO `cat_measurement` (`id`, `cat_id`, `label`, `measurment_id`, `created_date`, `updated_date`) VALUES
(1, 1, 'Shirt', '5,6,7', '2019-08-07 09:23:56', '2019-08-07 09:23:56'),
(2, 1, 'Pant', '9', '2019-08-07 09:23:56', '2019-08-07 09:23:56'),
(3, 2, 'Set', '9', '2019-08-19 13:13:45', '2019-08-19 13:13:45'),
(4, 2, 'Salwar', '5,7', '2019-08-07 09:27:42', '2019-08-07 09:27:42'),
(5, 3, 'Suit', '5', '2019-08-20 07:00:50', '2019-08-20 07:00:50'),
(6, 3, 'Salwar', '5,6,7,9', '2019-08-20 07:00:50', '2019-08-20 07:00:50'),
(7, 4, 'Pant', '5,7', '2019-08-08 09:34:14', '2019-08-08 09:34:14'),
(8, 4, 'Shirt', '5,6,7,9', '2019-08-08 09:34:14', '2019-08-08 09:34:14'),
(9, 5, 'Jeans', '7,5', '2019-08-20 07:03:34', '2019-08-20 07:03:34'),
(10, 5, 'T-shirt', '5,6,9', '2019-08-20 07:03:45', '2019-08-20 07:03:45'),
(11, 6, 'T-shirt', '5,6', '2019-08-20 09:39:53', '2019-08-20 09:39:53'),
(12, 7, 'T-shirt Vshape', '5,6,9', '2019-08-20 09:41:18', '2019-08-20 09:41:18'),
(13, 7, 'Tshirt Collar', '6,5,9', '2019-08-20 09:41:18', '2019-08-20 09:41:18'),
(14, 7, 'T-shirt Round', '5,6,9', '2019-08-20 09:41:18', '2019-08-20 09:41:18'),
(15, 8, 'pant', '5,7,10', '2019-08-20 10:21:29', '2019-08-20 10:21:29'),
(16, 8, 'Shirt', '6,9,11', '2019-08-20 10:21:29', '2019-08-20 10:21:29');

-- --------------------------------------------------------

--
-- Table structure for table `counters`
--

CREATE TABLE `counters` (
  `id` int(10) UNSIGNED NOT NULL,
  `user_id` varchar(255) COLLATE utf8mb4_unicode_ci NOT NULL,
  `reference_value` varchar(255) COLLATE utf8mb4_unicode_ci NOT NULL,
  `seq` varchar(255) COLLATE utf8mb4_unicode_ci NOT NULL,
  `created_at` timestamp NOT NULL DEFAULT CURRENT_TIMESTAMP,
  `updated_at` timestamp NOT NULL DEFAULT CURRENT_TIMESTAMP ON UPDATE CURRENT_TIMESTAMP
) ENGINE=InnoDB DEFAULT CHARSET=utf8mb4 COLLATE=utf8mb4_unicode_ci;

--
-- Dumping data for table `counters`
--

INSERT INTO `counters` (`id`, `user_id`, `reference_value`, `seq`, `created_at`, `updated_at`) VALUES
(2, '54355', 'null', '9', '2019-07-12 10:12:26', '2019-07-12 10:18:39');

-- --------------------------------------------------------

--
-- Table structure for table `fits`
--

CREATE TABLE `fits` (
  `id` int(10) UNSIGNED NOT NULL,
  `name` varchar(255) COLLATE utf8mb4_unicode_ci NOT NULL,
  `token` varchar(255) COLLATE utf8mb4_unicode_ci NOT NULL,
  `visible` int(11) NOT NULL COMMENT '1-visible,0-invisible',
  `created_at` timestamp NOT NULL DEFAULT CURRENT_TIMESTAMP,
  `updated_at` timestamp NOT NULL DEFAULT CURRENT_TIMESTAMP ON UPDATE CURRENT_TIMESTAMP
) ENGINE=InnoDB DEFAULT CHARSET=utf8mb4 COLLATE=utf8mb4_unicode_ci;

--
-- Dumping data for table `fits`
--

INSERT INTO `fits` (`id`, `name`, `token`, `visible`, `created_at`, `updated_at`) VALUES
(6, 'Indian Fit', '{\"username\":\"test\",\"token\":\"123456\"}', 1, '2019-07-29 11:27:03', '2019-07-30 10:59:20'),
(7, 'Slim Fit', '{\"username\":\"test\",\"token\":\"123456\"}', 1, '2019-07-29 11:27:05', '2019-07-30 10:59:38');

-- --------------------------------------------------------

--
-- Table structure for table `measurements`
--

CREATE TABLE `measurements` (
  `id` int(10) UNSIGNED NOT NULL,
  `name` varchar(255) COLLATE utf8mb4_unicode_ci NOT NULL,
  `value` int(11) NOT NULL DEFAULT '0',
  `visible` int(11) NOT NULL COMMENT '1-visible,0-invisible',
  `created_at` timestamp NOT NULL DEFAULT CURRENT_TIMESTAMP,
  `updated_at` timestamp NOT NULL DEFAULT CURRENT_TIMESTAMP ON UPDATE CURRENT_TIMESTAMP
) ENGINE=InnoDB DEFAULT CHARSET=utf8mb4 COLLATE=utf8mb4_unicode_ci;

--
-- Dumping data for table `measurements`
--

INSERT INTO `measurements` (`id`, `name`, `value`, `visible`, `created_at`, `updated_at`) VALUES
(5, 'Length', 0, 1, '2019-07-30 10:55:47', '2019-07-30 10:55:47'),
(6, 'Neck', 0, 1, '2019-07-30 10:56:32', '2019-07-30 10:56:32'),
(7, 'Hip', 0, 1, '2019-08-05 05:10:18', '2019-08-05 05:10:18'),
(9, 'Arm', 0, 1, '2019-08-05 10:07:38', '2019-08-05 10:07:38'),
(10, 'Waist', 0, 1, '2019-08-20 09:41:43', '2019-08-20 09:41:43'),
(11, 'bhushan', 0, 1, '2019-08-20 10:20:33', '2019-08-20 10:20:33');

-- --------------------------------------------------------

--
-- Table structure for table `migrations`
--

CREATE TABLE `migrations` (
  `id` int(10) UNSIGNED NOT NULL,
  `migration` varchar(255) COLLATE utf8mb4_unicode_ci NOT NULL,
  `batch` int(11) NOT NULL
) ENGINE=InnoDB DEFAULT CHARSET=utf8mb4 COLLATE=utf8mb4_unicode_ci;

--
-- Dumping data for table `migrations`
--

INSERT INTO `migrations` (`id`, `migration`, `batch`) VALUES
(1, '2014_10_12_000000_create_users_table', 1),
(2, '2014_10_12_100000_create_password_resets_table', 1),
(3, '2016_06_01_000001_create_oauth_auth_codes_table', 1),
(4, '2016_06_01_000002_create_oauth_access_tokens_table', 1),
(5, '2016_06_01_000003_create_oauth_refresh_tokens_table', 1),
(6, '2016_06_01_000004_create_oauth_clients_table', 1),
(7, '2016_06_01_000005_create_oauth_personal_access_clients_table', 1);

-- --------------------------------------------------------

--
-- Table structure for table `oauth_access_tokens`
--

CREATE TABLE `oauth_access_tokens` (
  `id` varchar(100) COLLATE utf8mb4_unicode_ci NOT NULL,
  `user_id` int(11) DEFAULT NULL,
  `client_id` int(10) UNSIGNED NOT NULL,
  `name` varchar(255) COLLATE utf8mb4_unicode_ci DEFAULT NULL,
  `scopes` text COLLATE utf8mb4_unicode_ci,
  `revoked` tinyint(1) NOT NULL,
  `created_at` timestamp NULL DEFAULT NULL,
  `updated_at` timestamp NULL DEFAULT NULL,
  `expires_at` datetime DEFAULT NULL
) ENGINE=InnoDB DEFAULT CHARSET=utf8mb4 COLLATE=utf8mb4_unicode_ci;

--
-- Dumping data for table `oauth_access_tokens`
--

INSERT INTO `oauth_access_tokens` (`id`, `user_id`, `client_id`, `name`, `scopes`, `revoked`, `created_at`, `updated_at`, `expires_at`) VALUES
('02def3b42bde0dc92247dd746363e6faedfe1ccbb8ec22dd815c17ef14b96978a868ef24f27d386b', 7, 1, 'MyApp', '[]', 0, '2019-08-21 00:55:37', '2019-08-21 00:55:37', '2020-08-21 06:25:37'),
('10527c413054c84aa0a6d3482c9f485ef7a8ce9921540b32aac167d38ca396e00c2be6cb15810060', 5, 1, 'MyApp', '[]', 0, '2019-08-21 00:49:59', '2019-08-21 00:49:59', '2020-08-21 06:19:59'),
('1c341d0d84b9ee9ccba0f63ab46aa9a4b765305b467a723b3c5193514bafc81d8947f777cf861e40', 4, 1, 'MyApp', '[]', 0, '2019-08-22 05:02:31', '2019-08-22 05:02:31', '2020-08-22 10:32:31'),
('26f58398c6cbd19d46876c134c613975ea371f9591e0d94125238462457881e1251901040b194627', 9, 1, 'MyApp', '[]', 0, '2019-08-21 02:27:50', '2019-08-21 02:27:50', '2020-08-21 07:57:50'),
('4a216936ed0ba5475c32060cae23f569b180994971d4b99030d4cadc43ff6ec80404e18367c4a0ea', 11, 1, 'MyApp', '[]', 0, '2019-08-21 02:30:47', '2019-08-21 02:30:47', '2020-08-21 08:00:47'),
('7095865c8477be1ad0e656a1e4d8bfab87d95080fb2779a870b0bc4bfd8fc7e73285716201d673b4', 1, 1, 'MyApp', '[]', 0, '2019-08-21 05:31:12', '2019-08-21 05:31:12', '2020-08-21 11:01:12'),
('787cd026aaeeed6cb00c4c46598023946b31655bd076a708ec472e6d032c2fc1c4d62dae410d8e7e', 3, 1, 'MyApp', '[]', 0, '2019-08-21 00:44:35', '2019-08-21 00:44:35', '2020-08-21 06:14:35'),
('94aef0f7e1ddaf93a0db164273159516640f2b8331e1d3947c2df79c8e5956312fd0795169112b4c', 2, 1, 'MyApp', '[]', 0, '2019-07-15 06:21:06', '2019-07-15 06:21:06', '2020-07-15 11:51:06'),
('9690df010e62af03a0aef86f5ceb9c664185b20fe3890f82a0a4e4131ba2b03ceff467e43d535794', 2, 1, 'MyApp', '[]', 0, '2019-08-21 05:32:35', '2019-08-21 05:32:35', '2020-08-21 11:02:35'),
('980eac1bfbdb589fb9f9dbc29fb1a81e80360d303be152e65cace97b33c828b888b1bff9878f0bda', 8, 1, 'MyApp', '[]', 0, '2019-08-21 02:13:50', '2019-08-21 02:13:50', '2020-08-21 07:43:50'),
('a91505dc410ad08761b114fe315cecc10b7ecc65b849cb3df38ecdf2d34ba57df5eb449f68f62810', 4, 1, 'MyApp', '[]', 0, '2019-08-21 00:46:18', '2019-08-21 00:46:18', '2020-08-21 06:16:18'),
('aaf6321011a4661e7fe1131f096484b46f76b3e2bd3b87235d9d9c4bc9f317e64d5f3a8c2683798d', 2, 1, 'MyApp', '[]', 0, '2019-07-15 06:19:51', '2019-07-15 06:19:51', '2020-07-15 11:49:51'),
('ad2add5197aa2d5220a4a8ff89ff3d0eec01f27e7ae74619fb09ade55318cf44212888581dc548c2', 1, 1, 'MyApp', '[]', 0, '2019-07-15 04:31:06', '2019-07-15 04:31:06', '2020-07-15 10:01:06'),
('b5be95508078e372169239039251a1f022879b1019e4cf8374c1e4b86155bd8b3e60e413f741188f', 6, 1, 'MyApp', '[]', 0, '2019-08-21 00:53:16', '2019-08-21 00:53:16', '2020-08-21 06:23:16'),
('c69165b7eaacf38094c4df24a3e45744c9eb5f652d42c058aae972f5391b112ee711dfaa82b21d9b', 3, 1, 'MyApp', '[]', 0, '2019-08-21 05:38:56', '2019-08-21 05:38:56', '2020-08-21 11:08:56'),
('cb1509a91f9a44d6c66d50a639da733649327cd159e00efef4a36d8140b386c40de370f178efaa89', 1, 1, 'MyApp', '[]', 0, '2019-07-15 04:29:49', '2019-07-15 04:29:49', '2020-07-15 09:59:49'),
('f85136139ea46c393158c38c0710a86c6058fed4a5e62ab3c3f81ffb792727761bb6c0ea60d8d532', 10, 1, 'MyApp', '[]', 0, '2019-08-21 02:29:50', '2019-08-21 02:29:50', '2020-08-21 07:59:50'),
('ff0f4923b90eaaccc14378af6da7a5eebea0d694f8f8537dfd93a45a68c0835f7cc72c3200b30c28', 8, 1, 'MyApp', '[]', 0, '2019-08-21 00:57:47', '2019-08-21 00:57:47', '2020-08-21 06:27:47');

-- --------------------------------------------------------

--
-- Table structure for table `oauth_auth_codes`
--

CREATE TABLE `oauth_auth_codes` (
  `id` varchar(100) COLLATE utf8mb4_unicode_ci NOT NULL,
  `user_id` int(11) NOT NULL,
  `client_id` int(10) UNSIGNED NOT NULL,
  `scopes` text COLLATE utf8mb4_unicode_ci,
  `revoked` tinyint(1) NOT NULL,
  `expires_at` datetime DEFAULT NULL
) ENGINE=InnoDB DEFAULT CHARSET=utf8mb4 COLLATE=utf8mb4_unicode_ci;

-- --------------------------------------------------------

--
-- Table structure for table `oauth_clients`
--

CREATE TABLE `oauth_clients` (
  `id` int(10) UNSIGNED NOT NULL,
  `user_id` int(11) DEFAULT NULL,
  `name` varchar(255) COLLATE utf8mb4_unicode_ci NOT NULL,
  `secret` varchar(100) COLLATE utf8mb4_unicode_ci NOT NULL,
  `redirect` text COLLATE utf8mb4_unicode_ci NOT NULL,
  `personal_access_client` tinyint(1) NOT NULL,
  `password_client` tinyint(1) NOT NULL,
  `revoked` tinyint(1) NOT NULL,
  `created_at` timestamp NULL DEFAULT NULL,
  `updated_at` timestamp NULL DEFAULT NULL
) ENGINE=InnoDB DEFAULT CHARSET=utf8mb4 COLLATE=utf8mb4_unicode_ci;

--
-- Dumping data for table `oauth_clients`
--

INSERT INTO `oauth_clients` (`id`, `user_id`, `name`, `secret`, `redirect`, `personal_access_client`, `password_client`, `revoked`, `created_at`, `updated_at`) VALUES
(1, NULL, 'Laravel Personal Access Client', '0Lx47NLPsfMnYO6oaHXQXsXwD0CiYQGUZX4RD7t5', 'http://localhost', 1, 0, 0, '2019-07-15 02:25:50', '2019-07-15 02:25:50'),
(2, NULL, 'Laravel Password Grant Client', '1WK7AfzuAf6g6XQ5M5KcXjBeUEnyz4B8zathyfoU', 'http://localhost', 0, 1, 0, '2019-07-15 02:25:50', '2019-07-15 02:25:50');

-- --------------------------------------------------------

--
-- Table structure for table `oauth_personal_access_clients`
--

CREATE TABLE `oauth_personal_access_clients` (
  `id` int(10) UNSIGNED NOT NULL,
  `client_id` int(10) UNSIGNED NOT NULL,
  `created_at` timestamp NULL DEFAULT NULL,
  `updated_at` timestamp NULL DEFAULT NULL
) ENGINE=InnoDB DEFAULT CHARSET=utf8mb4 COLLATE=utf8mb4_unicode_ci;

--
-- Dumping data for table `oauth_personal_access_clients`
--

INSERT INTO `oauth_personal_access_clients` (`id`, `client_id`, `created_at`, `updated_at`) VALUES
(1, 1, '2019-07-15 02:25:50', '2019-07-15 02:25:50');

-- --------------------------------------------------------

--
-- Table structure for table `oauth_refresh_tokens`
--

CREATE TABLE `oauth_refresh_tokens` (
  `id` varchar(100) COLLATE utf8mb4_unicode_ci NOT NULL,
  `access_token_id` varchar(100) COLLATE utf8mb4_unicode_ci NOT NULL,
  `revoked` tinyint(1) NOT NULL,
  `expires_at` datetime DEFAULT NULL
) ENGINE=InnoDB DEFAULT CHARSET=utf8mb4 COLLATE=utf8mb4_unicode_ci;

-- --------------------------------------------------------

--
-- Table structure for table `orders`
--

CREATE TABLE `orders` (
  `id` int(11) NOT NULL,
  `cust_id` varchar(255) DEFAULT NULL,
  `phone_no` varchar(255) NOT NULL,
  `product_name` varchar(255) NOT NULL,
  `user_name` varchar(255) NOT NULL,
  `completation_date` varchar(255) NOT NULL,
  `order_date` varchar(255) DEFAULT NULL,
  `tailor` varchar(255) NOT NULL,
  `order_taken_by` varchar(255) NOT NULL,
  `price` int(11) NOT NULL,
  `advance` int(11) NOT NULL,
  `balance` int(11) NOT NULL,
  `cloth_material` varchar(255) DEFAULT NULL,
  `measurement_in` varchar(255) NOT NULL,
  `cloth_measurement` varchar(255) DEFAULT NULL,
  `fit_size` varchar(255) NOT NULL,
  `category_id` varchar(255) NOT NULL,
  `label_id` varchar(255) DEFAULT NULL,
  `remarks` text,
  `fabric_photo` varchar(255) DEFAULT NULL,
  `design_photo` varchar(255) DEFAULT NULL,
  `visible` int(11) NOT NULL,
  `order_status` varchar(255) NOT NULL,
  `created_at` timestamp NOT NULL DEFAULT CURRENT_TIMESTAMP ON UPDATE CURRENT_TIMESTAMP,
  `updated_at` datetime NOT NULL DEFAULT CURRENT_TIMESTAMP
) ENGINE=InnoDB DEFAULT CHARSET=latin1;

--
-- Dumping data for table `orders`
--

INSERT INTO `orders` (`id`, `cust_id`, `phone_no`, `product_name`, `user_name`, `completation_date`, `order_date`, `tailor`, `order_taken_by`, `price`, `advance`, `balance`, `cloth_material`, `measurement_in`, `cloth_measurement`, `fit_size`, `category_id`, `label_id`, `remarks`, `fabric_photo`, `design_photo`, `visible`, `order_status`, `created_at`, `updated_at`) VALUES
(67, 'SRC00067', '7456025956', 'Pant -Shirt 23', 'Hariom Singh', '2019-08-21T18:30:00.000Z', NULL, 'admin', 'Admin', 2310, 500, 1810, NULL, 'Cm', NULL, 'Slim Fit', '8', '15,16', NULL, NULL, NULL, 1, 'Pending', '2019-08-21 11:25:32', '2019-08-21 16:55:32'),
(68, 'SRC00068', '7456025956', 'Suit Set', 'Hariom Singh', '2019-08-22T18:30:00.000Z', '2019-08-21T18:30:00.000Z', 'Harry', 'Admin', 2310, 500, 1810, NULL, 'Cm', NULL, 'Slim Fit', '7', '12,13,14', NULL, NULL, NULL, 1, 'Pending', '2019-08-21 11:36:05', '2019-08-21 17:06:05'),
(69, 'SRC00069', '7456025956', 'T-Shirt Round', 'dsfsdfsdfds', '2019-08-22T18:30:00.000Z', '2019-08-21T18:30:00.000Z', 'admin', 'Hariom Singh', 2310, 456, 1854, NULL, '1', NULL, '1', '7', '11', '65y5k645t', 'fabric_1566459790.png', 'design_1566459790.png', 1, 'Pending', '2019-08-22 07:43:10', '2019-08-22 13:12:55'),
(70, 'SRC00070', '989456256', 'Pant Shirt', 'abc', '2019-08-23T18:30:00.000Z', '2019-08-21T18:30:00.000Z', 'Vishal', 'Hariom Singh', 2310, 500, 1810, 'Provided', '1', '21-M', '1', '4', '7,8', 'fhdfgfdg', NULL, NULL, 1, 'Pending', '2019-08-22 07:49:15', '2019-08-22 13:19:15'),
(71, 'SRC00071', '9895969685', 'T-Shirt Round', 'abdc', '2019-08-27T18:30:00.000Z', '2019-08-21T18:30:00.000Z', 'fsdfsd', 'Hariom Singh', 2310, 500, 1810, NULL, '1', NULL, '1', '8', '11', 'ghgfhfh', NULL, NULL, 1, 'Pending', '2019-08-22 07:50:26', '2019-08-22 13:20:26'),
(72, 'SRC00072', '7456025956', 'T-Shirt Round', 'dsfsdfsdfds', '2019-08-27T18:30:00.000Z', '2019-08-22T18:30:00.000Z', 'Vishal', 'Hariom Singh', 2310, 456, 1854, 'Not-Provided', '1', NULL, '1', '6', '11', 'fsdfsdfsd', NULL, NULL, 1, 'Pending', '2019-08-22 08:08:55', '2019-08-22 13:38:55'),
(73, 'SRC00073', '7456025956', 'Jeans T-Shirt', 'dsfsdfsdfds', '2019-08-30T18:30:00.000Z', '2019-08-22T18:30:00.000Z', 'fsdfsd', 'Hariom Singh', 2310, 56, 2254, 'Not-Provided', '1', NULL, '1', '5', '9,10', 'fgfdgfdg', NULL, NULL, 1, 'Pending', '2019-08-22 08:10:08', '2019-08-22 13:40:08'),
(74, 'SRC00074', '7456025956', 'T-shirt', 'Hariom Singh', '2019-08-29T18:30:00.000Z', '2019-08-29T18:30:00.000Z', 'fsdfsd', 'Hariom Singh', 6514, 456, 6058, 'Provided', 'Inch', '4646456', 'Indian Fit', '7', '12,13,14', 'fdsdf sd sdf dsf sdf sdf sd fsd', NULL, NULL, 1, 'InProcess', '2019-08-22 10:23:19', '2019-08-22 15:33:21'),
(75, 'SRC00075', '9897474348`', 'T-shirt', 'gghjghj', '2019-08-23T18:30:00.000Z', '2019-08-22T18:30:00.000Z', 'Vishal', 'Hariom Singh', 4554, 4545, 9, 'Provided', 'Inch', '535353', 'Indian Fit', '7', '12,13,14', 'trert ert ret rere', NULL, NULL, 1, 'Completed', '2019-08-22 10:23:55', '2019-08-22 15:49:17'),
(76, 'SRC00076', '9646201033', 'Pant Shirt', 'ritu', '2019-08-27T18:30:00.000Z', '2019-08-21T18:30:00.000Z', 'Harry', 'bharat khanna', 6000, 2000, 4000, 'Provided', 'Inch', '455', '1', '4', '7,8', NULL, 'fabric_1566470052.png', 'design_1566470052.png', 1, 'Completed', '2019-08-26 11:50:38', '2019-08-22 16:03:50');

-- --------------------------------------------------------

--
-- Table structure for table `order_categories`
--

CREATE TABLE `order_categories` (
  `id` int(11) NOT NULL,
  `order_id` int(11) NOT NULL,
  `category_id` int(11) NOT NULL,
  `label_id` varchar(255) NOT NULL,
  `measurement_id` varchar(255) DEFAULT NULL,
  `value` varchar(255) NOT NULL,
  `created_at` timestamp NOT NULL DEFAULT CURRENT_TIMESTAMP,
  `updated_at` timestamp NOT NULL DEFAULT CURRENT_TIMESTAMP
) ENGINE=InnoDB DEFAULT CHARSET=latin1;

--
-- Dumping data for table `order_categories`
--

INSERT INTO `order_categories` (`id`, `order_id`, `category_id`, `label_id`, `measurement_id`, `value`, `created_at`, `updated_at`) VALUES
(1, 27, 0, '0', '5', '22', '2019-08-10 10:49:20', '2019-08-10 10:49:20'),
(2, 27, 0, '0', '7', '22', '2019-08-10 10:49:20', '2019-08-10 10:49:20'),
(3, 27, 0, '0', '5', '23', '2019-08-10 10:49:20', '2019-08-10 10:49:20'),
(4, 27, 0, '0', '6', '23', '2019-08-10 10:49:20', '2019-08-10 10:49:20'),
(5, 27, 0, '0', '7', '34', '2019-08-10 10:49:20', '2019-08-10 10:49:20'),
(6, 27, 0, '0', '9', '34', '2019-08-10 10:49:20', '2019-08-10 10:49:20'),
(7, 28, 0, '0', '5', '22', '2019-08-10 11:23:26', '2019-08-10 11:23:26'),
(8, 28, 0, '0', '7', '33', '2019-08-10 11:23:26', '2019-08-10 11:23:26'),
(9, 28, 0, '0', '5', '22', '2019-08-10 11:23:26', '2019-08-10 11:23:26'),
(10, 28, 0, '0', '6', '33', '2019-08-10 11:23:26', '2019-08-10 11:23:26'),
(11, 28, 0, '0', '7', '44', '2019-08-10 11:23:26', '2019-08-10 11:23:26'),
(12, 28, 0, '0', '9', '55', '2019-08-10 11:23:26', '2019-08-10 11:23:26'),
(13, 33, 0, '0', '5', '21', '2019-08-12 05:17:38', '2019-08-12 05:17:38'),
(14, 33, 0, '0', '7', '121', '2019-08-12 05:17:38', '2019-08-12 05:17:38'),
(15, 33, 0, '0', '5', '445', '2019-08-12 05:17:38', '2019-08-12 05:17:38'),
(16, 33, 0, '0', '6', '44', '2019-08-12 05:17:38', '2019-08-12 05:17:38'),
(17, 33, 0, '0', '7', '545', '2019-08-12 05:17:38', '2019-08-12 05:17:38'),
(18, 33, 0, '0', '9', '454', '2019-08-12 05:17:38', '2019-08-12 05:17:38'),
(19, 34, 0, '0', '5', '11', '2019-08-12 05:35:41', '2019-08-12 05:35:41'),
(20, 34, 0, '0', '7', '22', '2019-08-12 05:35:41', '2019-08-12 05:35:41'),
(21, 34, 0, '0', '5', '12', '2019-08-12 05:35:41', '2019-08-12 05:35:41'),
(22, 34, 0, '0', '6', '23', '2019-08-12 05:35:41', '2019-08-12 05:35:41'),
(23, 34, 0, '0', '9', '45', '2019-08-12 05:35:41', '2019-08-12 05:35:41'),
(24, 35, 0, '0', '5', '114', '2019-08-12 05:43:54', '2019-08-12 05:43:54'),
(25, 35, 0, '0', '7', '54', '2019-08-12 05:43:54', '2019-08-12 05:43:54'),
(26, 35, 0, '0', '5', '67', '2019-08-12 05:43:55', '2019-08-12 05:43:55'),
(27, 35, 0, '0', '6', '44', '2019-08-12 05:43:55', '2019-08-12 05:43:55'),
(28, 35, 0, '0', '9', '65', '2019-08-12 05:43:55', '2019-08-12 05:43:55'),
(29, 36, 0, '0', '5', '12', '2019-08-12 05:46:10', '2019-08-12 05:46:10'),
(30, 36, 0, '0', '7', '45', '2019-08-12 05:46:10', '2019-08-12 05:46:10'),
(31, 36, 0, '0', '5', '45', '2019-08-12 05:46:10', '2019-08-12 05:46:10'),
(32, 36, 0, '0', '6', '447', '2019-08-12 05:46:10', '2019-08-12 05:46:10'),
(33, 36, 0, '0', '9', '75', '2019-08-12 05:46:10', '2019-08-12 05:46:10'),
(34, 37, 0, '0', '5', '1454', '2019-08-12 05:50:54', '2019-08-12 05:50:54'),
(35, 37, 0, '0', '6', '4545', '2019-08-12 05:50:54', '2019-08-12 05:50:54'),
(36, 37, 0, '0', '9', '54', '2019-08-12 05:50:54', '2019-08-12 05:50:54'),
(37, 37, 0, '0', '9', '4545', '2019-08-12 05:50:54', '2019-08-12 05:50:54'),
(38, 37, 0, '0', '7', '545', '2019-08-12 05:50:54', '2019-08-12 05:50:54'),
(39, 37, 0, '0', '6', '454', '2019-08-12 05:50:54', '2019-08-12 05:50:54'),
(40, 38, 0, '0', '5', '11', '2019-08-12 05:53:28', '2019-08-12 05:53:28'),
(41, 38, 0, '0', '7', '12', '2019-08-12 05:53:28', '2019-08-12 05:53:28'),
(42, 38, 0, '0', '5', '13', '2019-08-12 05:53:28', '2019-08-12 05:53:28'),
(43, 38, 0, '0', '6', '23', '2019-08-12 05:53:28', '2019-08-12 05:53:28'),
(44, 38, 0, '0', '9', '45', '2019-08-12 05:53:28', '2019-08-12 05:53:28'),
(45, 44, 0, '9', '5', '11', '2019-08-12 06:13:18', '2019-08-12 06:13:18'),
(46, 44, 0, '9', '7', '12', '2019-08-12 06:13:18', '2019-08-12 06:13:18'),
(47, 44, 0, '10', '5', '13', '2019-08-12 06:13:18', '2019-08-12 06:13:18'),
(48, 44, 0, '10', '6', '14', '2019-08-12 06:13:18', '2019-08-12 06:13:18'),
(49, 44, 0, '10', '9', '15', '2019-08-12 06:13:18', '2019-08-12 06:13:18'),
(50, 45, 5, '9', '5', '11', '2019-08-12 06:32:27', '2019-08-12 06:32:27'),
(51, 45, 5, '9', '7', '12', '2019-08-12 06:32:27', '2019-08-12 06:32:27'),
(52, 45, 5, '10', '5', '22', '2019-08-12 06:32:27', '2019-08-12 06:32:27'),
(53, 45, 5, '10', '6', '11', '2019-08-12 06:32:27', '2019-08-12 06:32:27'),
(54, 45, 5, '10', '9', '13', '2019-08-12 06:32:27', '2019-08-12 06:32:27'),
(55, 46, 4, '7', '5', '11', '2019-08-12 06:49:30', '2019-08-12 06:49:30'),
(56, 46, 4, '7', '7', '12', '2019-08-12 06:49:30', '2019-08-12 06:49:30'),
(57, 46, 4, '8', '5', '12', '2019-08-12 06:49:30', '2019-08-12 06:49:30'),
(58, 46, 4, '8', '6', '11', '2019-08-12 06:49:31', '2019-08-12 06:49:31'),
(59, 46, 4, '8', '7', '13', '2019-08-12 06:49:31', '2019-08-12 06:49:31'),
(60, 46, 4, '8', '9', '14', '2019-08-12 06:49:31', '2019-08-12 06:49:31'),
(61, 47, 5, '9', '5', '11', '2019-08-13 05:45:47', '2019-08-13 05:45:47'),
(62, 47, 5, '9', '7', '12', '2019-08-13 05:45:47', '2019-08-13 05:45:47'),
(63, 47, 5, '10', '5', '13', '2019-08-13 05:45:47', '2019-08-13 05:45:47'),
(64, 47, 5, '10', '6', '14', '2019-08-13 05:45:47', '2019-08-13 05:45:47'),
(65, 47, 5, '10', '9', '15', '2019-08-13 05:45:47', '2019-08-13 05:45:47'),
(81, 49, 4, '8', '7', '113', '2019-08-13 13:18:53', '2019-08-13 13:18:53'),
(82, 49, 4, '8', '9', '113', '2019-08-13 13:18:53', '2019-08-13 13:18:53'),
(89, 50, 4, '7', '5', '22', '2019-08-13 13:23:33', '2019-08-13 13:23:33'),
(90, 50, 4, '7', '7', '33', '2019-08-13 13:23:33', '2019-08-13 13:23:33'),
(91, 50, 4, '8', '5', '214', '2019-08-13 13:23:33', '2019-08-13 13:23:33'),
(92, 50, 4, '8', '6', '545', '2019-08-13 13:23:33', '2019-08-13 13:23:33'),
(93, 50, 4, '8', '7', '345', '2019-08-13 13:23:33', '2019-08-13 13:23:33'),
(94, 50, 4, '8', '9', '455', '2019-08-13 13:23:33', '2019-08-13 13:23:33'),
(95, 51, 4, '7', '5', '114', '2019-08-14 05:32:36', '2019-08-14 05:32:36'),
(96, 51, 4, '7', '7', '334', '2019-08-14 05:32:36', '2019-08-14 05:32:36'),
(97, 51, 4, '8', '5', '434', '2019-08-14 05:32:37', '2019-08-14 05:32:37'),
(98, 51, 4, '8', '6', '434', '2019-08-14 05:32:37', '2019-08-14 05:32:37'),
(99, 51, 4, '8', '7', '434', '2019-08-14 05:32:37', '2019-08-14 05:32:37'),
(100, 51, 4, '8', '9', '434', '2019-08-14 05:32:37', '2019-08-14 05:32:37'),
(101, 52, 4, '7', '5', '131', '2019-08-14 05:56:32', '2019-08-14 05:56:32'),
(102, 52, 4, '7', '7', '134', '2019-08-14 05:56:32', '2019-08-14 05:56:32'),
(103, 52, 4, '8', '5', '4564', '2019-08-14 05:56:32', '2019-08-14 05:56:32'),
(104, 52, 4, '8', '6', '45645', '2019-08-14 05:56:32', '2019-08-14 05:56:32'),
(105, 52, 4, '8', '7', '4544', '2019-08-14 05:56:32', '2019-08-14 05:56:32'),
(106, 52, 4, '8', '9', '444', '2019-08-14 05:56:32', '2019-08-14 05:56:32'),
(107, 53, 5, '9', '5', '423434', '2019-08-14 05:58:50', '2019-08-14 05:58:50'),
(108, 53, 5, '9', '7', '454', '2019-08-14 05:58:50', '2019-08-14 05:58:50'),
(109, 53, 5, '10', '5', '45645', '2019-08-14 05:58:51', '2019-08-14 05:58:51'),
(110, 53, 5, '10', '6', '4564', '2019-08-14 05:58:51', '2019-08-14 05:58:51'),
(111, 53, 5, '10', '9', '4564', '2019-08-14 05:58:51', '2019-08-14 05:58:51'),
(112, 54, 3, '5', '5', '464', '2019-08-14 06:02:14', '2019-08-14 06:02:14'),
(113, 54, 3, '5', '6', '4564', '2019-08-14 06:02:14', '2019-08-14 06:02:14'),
(114, 54, 3, '5', '9', '4645', '2019-08-14 06:02:14', '2019-08-14 06:02:14'),
(115, 54, 3, '6', '9', '464', '2019-08-14 06:02:14', '2019-08-14 06:02:14'),
(116, 54, 3, '6', '7', '46', '2019-08-14 06:02:14', '2019-08-14 06:02:14'),
(117, 54, 3, '6', '6', '464', '2019-08-14 06:02:14', '2019-08-14 06:02:14'),
(118, 55, 4, '7', '5', '12', '2019-08-14 06:07:57', '2019-08-14 06:07:57'),
(119, 55, 4, '7', '7', '23', '2019-08-14 06:07:57', '2019-08-14 06:07:57'),
(120, 55, 4, '8', '5', '15', '2019-08-14 06:07:57', '2019-08-14 06:07:57'),
(121, 55, 4, '8', '6', '14', '2019-08-14 06:07:57', '2019-08-14 06:07:57'),
(122, 55, 4, '8', '7', '16', '2019-08-14 06:07:57', '2019-08-14 06:07:57'),
(123, 55, 4, '8', '9', '25', '2019-08-14 06:07:57', '2019-08-14 06:07:57'),
(124, 56, 4, '7', '5', '11', '2019-08-14 06:11:44', '2019-08-14 06:11:44'),
(125, 56, 4, '7', '7', '22', '2019-08-14 06:11:44', '2019-08-14 06:11:44'),
(126, 56, 4, '8', '5', '44', '2019-08-14 06:11:44', '2019-08-14 06:11:44'),
(127, 56, 4, '8', '6', '54', '2019-08-14 06:11:44', '2019-08-14 06:11:44'),
(128, 56, 4, '8', '7', '63', '2019-08-14 06:11:44', '2019-08-14 06:11:44'),
(129, 56, 4, '8', '9', '23', '2019-08-14 06:11:44', '2019-08-14 06:11:44'),
(130, 57, 4, '7', '5', '23', '2019-08-14 06:15:54', '2019-08-14 06:15:54'),
(131, 57, 4, '7', '7', '33', '2019-08-14 06:15:54', '2019-08-14 06:15:54'),
(132, 57, 4, '8', '5', '23', '2019-08-14 06:15:54', '2019-08-14 06:15:54'),
(133, 57, 4, '8', '6', '33', '2019-08-14 06:15:54', '2019-08-14 06:15:54'),
(134, 57, 4, '8', '7', '44', '2019-08-14 06:15:54', '2019-08-14 06:15:54'),
(135, 57, 4, '8', '9', '43', '2019-08-14 06:15:54', '2019-08-14 06:15:54'),
(136, 58, 4, '7', '5', '45', '2019-08-14 11:57:04', '2019-08-14 11:57:04'),
(137, 58, 4, '7', '7', '64', '2019-08-14 11:57:04', '2019-08-14 11:57:04'),
(138, 58, 4, '8', '5', '4645', '2019-08-14 11:57:04', '2019-08-14 11:57:04'),
(139, 58, 4, '8', '6', '45645', '2019-08-14 11:57:04', '2019-08-14 11:57:04'),
(140, 58, 4, '8', '7', '45645', '2019-08-14 11:57:04', '2019-08-14 11:57:04'),
(141, 58, 4, '8', '9', '45645', '2019-08-14 11:57:04', '2019-08-14 11:57:04'),
(142, 59, 4, '7', '5', '45', '2019-08-14 11:58:49', '2019-08-14 11:58:49'),
(143, 59, 4, '7', '7', '64', '2019-08-14 11:58:49', '2019-08-14 11:58:49'),
(144, 59, 4, '8', '5', '4645', '2019-08-14 11:58:49', '2019-08-14 11:58:49'),
(145, 59, 4, '8', '6', '45645', '2019-08-14 11:58:49', '2019-08-14 11:58:49'),
(146, 59, 4, '8', '7', '45645', '2019-08-14 11:58:49', '2019-08-14 11:58:49'),
(147, 59, 4, '8', '9', '45645', '2019-08-14 11:58:49', '2019-08-14 11:58:49'),
(154, 61, 4, '7', '5', '445', '2019-08-19 05:27:51', '2019-08-19 05:27:51'),
(155, 61, 4, '7', '7', '45645', '2019-08-19 05:27:51', '2019-08-19 05:27:51'),
(156, 61, 4, '8', '5', '4645', '2019-08-19 05:27:51', '2019-08-19 05:27:51'),
(157, 61, 4, '8', '6', '546', '2019-08-19 05:27:51', '2019-08-19 05:27:51'),
(158, 61, 4, '8', '7', '5645', '2019-08-19 05:27:51', '2019-08-19 05:27:51'),
(159, 61, 4, '8', '9', '46', '2019-08-19 05:27:51', '2019-08-19 05:27:51'),
(160, 62, 4, '7', '5', '23123', '2019-08-19 06:08:40', '2019-08-19 06:08:40'),
(161, 62, 4, '7', '7', '465', '2019-08-19 06:08:40', '2019-08-19 06:08:40'),
(162, 62, 4, '8', '5', '4664', '2019-08-19 06:08:40', '2019-08-19 06:08:40'),
(163, 62, 4, '8', '6', '45645', '2019-08-19 06:08:40', '2019-08-19 06:08:40'),
(164, 62, 4, '8', '7', '45645', '2019-08-19 06:08:40', '2019-08-19 06:08:40'),
(165, 62, 4, '8', '9', '456455', '2019-08-19 06:08:40', '2019-08-19 06:08:40'),
(166, 63, 5, '5', '5', '23', '2019-08-19 07:04:42', '2019-08-19 07:04:42'),
(167, 63, 5, '5', '6', '51', '2019-08-19 07:04:42', '2019-08-19 07:04:42'),
(168, 63, 5, '5', '9', '61', '2019-08-19 07:04:42', '2019-08-19 07:04:42'),
(169, 63, 5, '6', '9', '66', '2019-08-19 07:04:42', '2019-08-19 07:04:42'),
(170, 63, 5, '6', '7', '26', '2019-08-19 07:04:42', '2019-08-19 07:04:42'),
(171, 63, 5, '6', '6', '35', '2019-08-19 07:04:42', '2019-08-19 07:04:42'),
(187, 64, 5, '9', '5', '22', '2019-08-19 11:59:46', '2019-08-19 11:59:46'),
(188, 64, 5, '9', '7', '33', '2019-08-19 11:59:46', '2019-08-19 11:59:46'),
(189, 64, 5, '10', '5', '112', '2019-08-19 11:59:46', '2019-08-19 11:59:46'),
(190, 64, 5, '10', '6', '55', '2019-08-19 11:59:46', '2019-08-19 11:59:46'),
(191, 64, 5, '10', '9', '66', '2019-08-19 11:59:46', '2019-08-19 11:59:46'),
(192, 60, 4, '7', '5', '344', '2019-08-20 09:37:38', '2019-08-20 09:37:38'),
(193, 60, 4, '7', '7', '20', '2019-08-20 09:37:38', '2019-08-20 09:37:38'),
(194, 60, 4, '8', '5', '454', '2019-08-20 09:37:38', '2019-08-20 09:37:38'),
(195, 60, 4, '8', '6', '77', '2019-08-20 09:37:38', '2019-08-20 09:37:38'),
(196, 60, 4, '8', '7', '78', '2019-08-20 09:37:38', '2019-08-20 09:37:38'),
(197, 60, 4, '8', '9', '757', '2019-08-20 09:37:38', '2019-08-20 09:37:38'),
(198, 65, 5, '9', '7', '4545', '2019-08-20 09:55:20', '2019-08-20 09:55:20'),
(199, 65, 5, '9', '5', '44', '2019-08-20 09:55:20', '2019-08-20 09:55:20'),
(200, 65, 5, '10', '5', '544', '2019-08-20 09:55:20', '2019-08-20 09:55:20'),
(201, 65, 5, '10', '6', '4545', '2019-08-20 09:55:20', '2019-08-20 09:55:20'),
(202, 65, 5, '10', '9', '54645', '2019-08-20 09:55:20', '2019-08-20 09:55:20'),
(203, 66, 7, '12', '5', '12', '2019-08-20 11:22:54', '2019-08-20 11:22:54'),
(204, 66, 7, '12', '6', '31', '2019-08-20 11:22:54', '2019-08-20 11:22:54'),
(205, 66, 7, '12', '9', '212', '2019-08-20 11:22:54', '2019-08-20 11:22:54'),
(206, 66, 7, '13', '6', '13', '2019-08-20 11:22:54', '2019-08-20 11:22:54'),
(207, 66, 7, '13', '5', '12', '2019-08-20 11:22:54', '2019-08-20 11:22:54'),
(208, 66, 7, '13', '9', '2', '2019-08-20 11:22:54', '2019-08-20 11:22:54'),
(209, 66, 7, '14', '5', '3', '2019-08-20 11:22:54', '2019-08-20 11:22:54'),
(210, 66, 7, '14', '6', '12', '2019-08-20 11:22:54', '2019-08-20 11:22:54'),
(211, 66, 7, '14', '9', '2132', '2019-08-20 11:22:54', '2019-08-20 11:22:54'),
(212, 67, 8, '15', '5', '151', '2019-08-21 11:25:32', '2019-08-21 11:25:32'),
(213, 67, 8, '15', '7', '45645', '2019-08-21 11:25:32', '2019-08-21 11:25:32'),
(214, 67, 8, '15', '10', '645', '2019-08-21 11:25:32', '2019-08-21 11:25:32'),
(215, 67, 8, '16', '6', '4564', '2019-08-21 11:25:32', '2019-08-21 11:25:32'),
(216, 67, 8, '16', '9', '46545', '2019-08-21 11:25:32', '2019-08-21 11:25:32'),
(217, 67, 8, '16', '11', '4654', '2019-08-21 11:25:32', '2019-08-21 11:25:32'),
(218, 68, 7, '12', '5', '4545', '2019-08-21 11:36:05', '2019-08-21 11:36:05'),
(219, 68, 7, '12', '6', '645', '2019-08-21 11:36:05', '2019-08-21 11:36:05'),
(220, 68, 7, '12', '9', '45645', '2019-08-21 11:36:05', '2019-08-21 11:36:05'),
(221, 68, 7, '13', '6', '456', '2019-08-21 11:36:05', '2019-08-21 11:36:05'),
(222, 68, 7, '13', '5', '456', '2019-08-21 11:36:05', '2019-08-21 11:36:05'),
(223, 68, 7, '13', '9', '456', '2019-08-21 11:36:05', '2019-08-21 11:36:05'),
(224, 68, 7, '14', '5', '456', '2019-08-21 11:36:05', '2019-08-21 11:36:05'),
(225, 68, 7, '14', '6', '456', '2019-08-21 11:36:05', '2019-08-21 11:36:05'),
(226, 68, 7, '14', '9', '56', '2019-08-21 11:36:05', '2019-08-21 11:36:05'),
(227, 69, 7, '11', '5', '45645', '2019-08-22 07:42:55', '2019-08-22 07:42:55'),
(228, 69, 7, '11', '6', '4545', '2019-08-22 07:42:55', '2019-08-22 07:42:55'),
(229, 70, 4, '7', '5', '23', '2019-08-22 07:49:15', '2019-08-22 07:49:15'),
(230, 70, 4, '7', '7', '23423', '2019-08-22 07:49:15', '2019-08-22 07:49:15'),
(231, 70, 4, '8', '5', '23', '2019-08-22 07:49:15', '2019-08-22 07:49:15'),
(232, 70, 4, '8', '6', '432', '2019-08-22 07:49:15', '2019-08-22 07:49:15'),
(233, 70, 4, '8', '7', '2343', '2019-08-22 07:49:15', '2019-08-22 07:49:15'),
(234, 70, 4, '8', '9', '4323', '2019-08-22 07:49:15', '2019-08-22 07:49:15'),
(235, 71, 8, '11', '5', '32432', '2019-08-22 07:50:26', '2019-08-22 07:50:26'),
(236, 71, 8, '11', '6', '34', '2019-08-22 07:50:26', '2019-08-22 07:50:26'),
(237, 72, 6, '11', '5', '024456', '2019-08-22 08:08:55', '2019-08-22 08:08:55'),
(238, 72, 6, '11', '6', '04545', '2019-08-22 08:08:55', '2019-08-22 08:08:55'),
(239, 73, 5, '9', '7', '04464', '2019-08-22 08:10:08', '2019-08-22 08:10:08'),
(240, 73, 5, '9', '5', '064545', '2019-08-22 08:10:08', '2019-08-22 08:10:08'),
(241, 73, 5, '10', '5', '045645', '2019-08-22 08:10:08', '2019-08-22 08:10:08'),
(242, 73, 5, '10', '6', '045645', '2019-08-22 08:10:08', '2019-08-22 08:10:08'),
(243, 73, 5, '10', '9', '045', '2019-08-22 08:10:08', '2019-08-22 08:10:08'),
(262, 75, 7, '12', '5', '44', '2019-08-22 10:20:12', '2019-08-22 10:20:12'),
(263, 75, 7, '12', '6', '45645', '2019-08-22 10:20:13', '2019-08-22 10:20:13'),
(264, 75, 7, '12', '9', '45645', '2019-08-22 10:20:13', '2019-08-22 10:20:13'),
(265, 75, 7, '13', '6', '645', '2019-08-22 10:20:13', '2019-08-22 10:20:13'),
(266, 75, 7, '13', '5', '4564', '2019-08-22 10:20:13', '2019-08-22 10:20:13'),
(267, 75, 7, '13', '9', '4564', '2019-08-22 10:20:13', '2019-08-22 10:20:13'),
(268, 75, 7, '14', '5', '5545', '2019-08-22 10:20:13', '2019-08-22 10:20:13'),
(269, 75, 7, '14', '6', '45453', '2019-08-22 10:20:13', '2019-08-22 10:20:13'),
(270, 75, 7, '14', '9', '45345', '2019-08-22 10:20:13', '2019-08-22 10:20:13'),
(271, 74, 7, '12', '5', '32112', '2019-08-22 10:22:53', '2019-08-22 10:22:53'),
(272, 74, 7, '12', '6', '323', '2019-08-22 10:22:53', '2019-08-22 10:22:53'),
(273, 74, 7, '12', '9', '353', '2019-08-22 10:22:53', '2019-08-22 10:22:53'),
(274, 74, 7, '13', '6', '353', '2019-08-22 10:22:53', '2019-08-22 10:22:53'),
(275, 74, 7, '13', '5', '353', '2019-08-22 10:22:53', '2019-08-22 10:22:53'),
(276, 74, 7, '13', '9', '3655', '2019-08-22 10:22:53', '2019-08-22 10:22:53'),
(277, 74, 7, '14', '5', '5', '2019-08-22 10:22:53', '2019-08-22 10:22:53'),
(278, 74, 7, '14', '6', '33', '2019-08-22 10:22:53', '2019-08-22 10:22:53'),
(279, 74, 7, '14', '9', '455', '2019-08-22 10:22:53', '2019-08-22 10:22:53'),
(280, 76, 4, '7', '5', '10', '2019-08-22 10:33:50', '2019-08-22 10:33:50'),
(281, 76, 4, '7', '7', '22', '2019-08-22 10:33:50', '2019-08-22 10:33:50'),
(282, 76, 4, '8', '5', '11', '2019-08-22 10:33:50', '2019-08-22 10:33:50'),
(283, 76, 4, '8', '6', '22', '2019-08-22 10:33:50', '2019-08-22 10:33:50'),
(284, 76, 4, '8', '7', '112', '2019-08-22 10:33:50', '2019-08-22 10:33:50'),
(285, 76, 4, '8', '9', '011', '2019-08-22 10:33:50', '2019-08-22 10:33:50');

-- --------------------------------------------------------

--
-- Table structure for table `order_status`
--

CREATE TABLE `order_status` (
  `id` int(11) NOT NULL,
  `ord_id` int(11) NOT NULL,
  `ord_status` varchar(255) NOT NULL,
  `craeted_date` timestamp NOT NULL DEFAULT CURRENT_TIMESTAMP,
  `updated_date` timestamp NOT NULL DEFAULT CURRENT_TIMESTAMP
) ENGINE=InnoDB DEFAULT CHARSET=latin1;

--
-- Dumping data for table `order_status`
--

INSERT INTO `order_status` (`id`, `ord_id`, `ord_status`, `craeted_date`, `updated_date`) VALUES
(1, 48, '1', '2019-08-13 05:46:10', '2019-08-13 05:46:10'),
(2, 49, '1', '2019-08-13 12:37:34', '2019-08-13 12:37:34'),
(3, 50, '1', '2019-08-13 13:23:14', '2019-08-13 13:23:14'),
(4, 51, '1', '2019-08-14 05:32:37', '2019-08-14 05:32:37'),
(5, 52, '1', '2019-08-14 05:56:32', '2019-08-14 05:56:32'),
(6, 53, '1', '2019-08-14 05:58:51', '2019-08-14 05:58:51'),
(7, 54, '1', '2019-08-14 06:02:14', '2019-08-14 06:02:14'),
(8, 55, '1', '2019-08-14 06:07:57', '2019-08-14 06:07:57'),
(9, 56, 'InProcess', '2019-08-14 06:11:44', '2019-08-14 06:11:44'),
(10, 57, 'Pending', '2019-08-14 06:15:54', '2019-08-14 06:15:54'),
(11, 58, 'Completed', '2019-08-14 11:57:04', '2019-08-14 11:57:04'),
(12, 59, '1', '2019-08-14 11:58:49', '2019-08-14 11:58:49'),
(13, 60, 'InProcess', '2019-08-19 05:07:11', '2019-08-19 05:07:11'),
(14, 61, 'Completed', '2019-08-19 05:27:52', '2019-08-19 05:27:52'),
(15, 62, 'InProcess', '2019-08-19 06:08:40', '2019-08-19 06:08:40'),
(16, 63, 'Pending', '2019-08-19 07:04:42', '2019-08-19 07:04:42'),
(17, 64, 'Pending', '2019-08-19 07:50:28', '2019-08-19 07:50:28');

-- --------------------------------------------------------

--
-- Table structure for table `password_resets`
--

CREATE TABLE `password_resets` (
  `email` varchar(255) COLLATE utf8mb4_unicode_ci NOT NULL,
  `token` varchar(255) COLLATE utf8mb4_unicode_ci NOT NULL,
  `created_at` timestamp NULL DEFAULT NULL
) ENGINE=InnoDB DEFAULT CHARSET=utf8mb4 COLLATE=utf8mb4_unicode_ci;

-- --------------------------------------------------------

--
-- Table structure for table `tailors`
--

CREATE TABLE `tailors` (
  `id` int(10) UNSIGNED NOT NULL,
  `name` varchar(255) COLLATE utf8mb4_unicode_ci NOT NULL,
  `phone_number` varchar(255) COLLATE utf8mb4_unicode_ci NOT NULL,
  `address` varchar(255) COLLATE utf8mb4_unicode_ci NOT NULL,
  `alternate_number` varchar(255) COLLATE utf8mb4_unicode_ci NOT NULL,
  `user` varchar(255) COLLATE utf8mb4_unicode_ci NOT NULL,
  `profile` varchar(255) COLLATE utf8mb4_unicode_ci DEFAULT NULL,
  `visible` int(11) NOT NULL COMMENT '1-visible,0-invisible',
  `created_at` timestamp NOT NULL DEFAULT CURRENT_TIMESTAMP,
  `updated_at` timestamp NOT NULL DEFAULT CURRENT_TIMESTAMP ON UPDATE CURRENT_TIMESTAMP
) ENGINE=InnoDB DEFAULT CHARSET=utf8mb4 COLLATE=utf8mb4_unicode_ci;

--
-- Dumping data for table `tailors`
--

INSERT INTO `tailors` (`id`, `name`, `phone_number`, `address`, `alternate_number`, `user`, `profile`, `visible`, `created_at`, `updated_at`) VALUES
(15, 'Vishal', '9642364366', 'Noida', '6786786742', '{\"username\":\"test\",\"token\":\"123456\"}', '1564731205.gif', 1, '2019-08-02 07:33:25', '2019-08-02 07:33:25'),
(16, 'Harry', '9713697139', 'Noida', '67867867', '{\"username\":\"test\",\"token\":\"123456\"}', '', 1, '2019-08-10 12:12:28', '2019-08-10 12:12:28'),
(17, 'admin', '6346913647', 'Delhi', '67867867', '{\"username\":\"test\",\"token\":\"123456\"}', '', 1, '2019-08-10 12:12:49', '2019-08-10 12:12:49'),
(18, 'fsdfsd', 'sdfsdfsd', 'csdfsd', 'sdfds', '{\"username\":\"test\",\"token\":\"123456\"}', '1565765992.jpg', 1, '2019-08-14 06:59:52', '2019-08-14 06:59:52'),
(19, 'Vishal', '9713697139', 'Noida', '6786786742', '{\"username\":\"test\",\"token\":\"123456\"}', '1565766841.jpg', 1, '2019-08-14 07:14:02', '2019-08-14 07:14:02'),
(21, 'Vishal', '9642364366', 'Delhi', '6786786742', '{\"username\":\"test\",\"token\":\"123456\"}', '1565767183.png', 1, '2019-08-14 07:19:43', '2019-08-14 07:19:43'),
(22, 'admin', '9713697139', 'Delhi', '67867867', '{\"username\":\"test\",\"token\":\"123456\"}', '1565768907.jpg', 1, '2019-08-14 07:48:27', '2019-08-14 07:48:27'),
(23, 'admin', '9642364366', 'Noida', '6786786742', '{\"username\":\"test\",\"token\":\"123456\"}', '1565769122.jpg', 1, '2019-08-14 07:52:02', '2019-08-14 07:52:02'),
(24, 'Vishal', '9642364366', 'Noida', '6786786742', '{\"username\":\"test\",\"token\":\"123456\"}', '1565769186.jpg', 1, '2019-08-14 07:53:06', '2019-08-14 07:53:06'),
(25, 'Vicky', '7889110090', 'Amritsar', '9646201038', 'eyJhbGciOiJIUzI1NiIsInR5cCI6IkpXVCJ9.eyJ1c2VyX2lkIjoiNWM1MDVhYzkzZTgyNzY3ZTE0Njg2N2Y0IiwiaWF0IjoxNTUwNjY4NTQ4fQ.F16dHO2PQj6Pz2GW8_5jhN1rLDKoj06gAHelevUCEFI', '1566294157.png', 1, '2019-08-20 09:42:37', '2019-08-20 09:42:37');

-- --------------------------------------------------------

--
-- Table structure for table `users`
--

CREATE TABLE `users` (
  `id` int(10) UNSIGNED NOT NULL,
  `name` varchar(255) COLLATE utf8mb4_unicode_ci NOT NULL,
  `phone_number` varchar(255) COLLATE utf8mb4_unicode_ci DEFAULT NULL,
  `email` varchar(255) COLLATE utf8mb4_unicode_ci NOT NULL,
  `password` varchar(255) COLLATE utf8mb4_unicode_ci NOT NULL,
  `token` mediumtext COLLATE utf8mb4_unicode_ci,
  `role` varchar(255) COLLATE utf8mb4_unicode_ci DEFAULT '0',
  `created_at` timestamp NOT NULL DEFAULT CURRENT_TIMESTAMP,
  `updated_at` timestamp NOT NULL DEFAULT CURRENT_TIMESTAMP ON UPDATE CURRENT_TIMESTAMP
) ENGINE=InnoDB DEFAULT CHARSET=utf8mb4 COLLATE=utf8mb4_unicode_ci;

--
-- Dumping data for table `users`
--

INSERT INTO `users` (`id`, `name`, `phone_number`, `email`, `password`, `token`, `role`, `created_at`, `updated_at`) VALUES
(1, 'Hariom Singh', '7456025956', 'hariomsingh@cuminte.com', 'e10adc3949ba59abbe56e057f20f883e', 'eyJ0eXAiOiJKV1QiLCJhbGciOiJSUzI1NiIsImp0aSI6IjcwOTU4NjVjODQ3N2JlMWFkMGU2NTZhMWU0ZDhiZmFiODdkOTUwODBmYjI3NzlhODcwYjBiYzRiZmQ4ZmM3ZTczMjg1NzE2MjAxZDY3M2I0In0.eyJhdWQiOiIxIiwianRpIjoiNzA5NTg2NWM4NDc3YmUxYWQwZTY1NmExZTRkOGJmYWI4N2Q5NTA4MGZiMjc3OWE4NzBiMGJjNGJmZDhmYzdlNzMyODU3MTYyMDFkNjczYjQiLCJpYXQiOjE1NjYzODUyNzIsIm5iZiI6MTU2NjM4NTI3MiwiZXhwIjoxNTk4MDA3NjcyLCJzdWIiOiIxIiwic2NvcGVzIjpbXX0.YVZwRFhLiVjfFfqf1isSpnBftGdH3CAXzjPMr2pWOeNd8c6HNLoStWju2ET-Cx6crXXLXFaG0jWKZh-vbGHWLVI65tj9E6e8ujUeQPo4CKKsMnoF_6aHJ2pQ817JZCBkLzUxMLIF68swfApa06ukYWOfZCw_BfkCwVmdmHdakvxmcj5HI7LfGerrF-UPFivnd9eB1tzd5q1EZkxE_zV32xbgK5MUrap0dY8svSGa9fbSg3rp1GJcVGcGXSe4tECwfGZ16LCNrvStL-vZ8plAA8dS6rbQH6P9ciZwXgQ1chf_wfBZbpwqZmIK_DqeFj4BiA8vD6glfWNg80s5zMk8ynm72Fpovb2jRo8323XYoJJ21fKcoqiUKvBxGfaDMpz4Yv7QaMLgRHcjlSIm8fCURdM49ipirUNyN7spjpd9oRlFFLJgFDU27RI9xiCmP29eKCNLvPh56hhsaip5YCbv5rxPV5NKwDU2pRIHoZDPWPdcG4V4fESEKCCRYxxuEcFDtQz_H1hpyN8B29SstQzYZsSTy0FPSHsDlsQqEIh5LURP0pQ_8mDjIl2iztME99gEoCdxwnVKWvjOkrWnJWemrfTJq8e-BPf8H-J6N3hmaSK3dVJ9cQnMVlpKuvvOxlEvdu5YnDaKela9ZHjk0Yrp6sgSP-5DUAJJifWmW_I34iI', '1', '2019-08-21 05:31:10', '2019-08-21 11:01:13'),
(2, 'Admin', '9642364366', 'admin@gmail.com', 'e10adc3949ba59abbe56e057f20f883e', 'eyJ0eXAiOiJKV1QiLCJhbGciOiJSUzI1NiIsImp0aSI6Ijk2OTBkZjAxMGU2MmFmMDNhMGFlZjg2ZjVjZWI5YzY2NDE4NWIyMGZlMzg5MGY4MmEwYTRlNDEzMWJhMmIwM2NlZmY0NjdlNDNkNTM1Nzk0In0.eyJhdWQiOiIxIiwianRpIjoiOTY5MGRmMDEwZTYyYWYwM2EwYWVmODZmNWNlYjljNjY0MTg1YjIwZmUzODkwZjgyYTBhNGU0MTMxYmEyYjAzY2VmZjQ2N2U0M2Q1MzU3OTQiLCJpYXQiOjE1NjYzODUzNTUsIm5iZiI6MTU2NjM4NTM1NSwiZXhwIjoxNTk4MDA3NzU1LCJzdWIiOiIyIiwic2NvcGVzIjpbXX0.PY_Q1vEnV5QXpxqpvoM8R-lLWBcSZfsOs8ik1dtuO84sthevSY0Qn4ldgf37RKYR4Sw9yUQDpdzARIG9cSm_NvqR33Ndf9qe2o2LvfA87OhKysrThQWTN08uO5cljEAhBVlkIh0U6KOZ4cPPdXHXE-_SsvKyNX-gDu8BymRrZFYK_USPTcE_DLNeYtuNVD2u7ET6RzES9v5TNhvuAwS9QpLTx5GDArojuCDoJDgGMByQV5UQ53pLzqY-uBXmjVe7FyqEonQyrmV8bhkdzml2Wn0QsY6j8_bU67Wmo-NV8iHw_ojDsLQBkktEK0NY91gugLlloPkp56PPRmjWsg8GmF18d3cSPUg7RXnnL6FbtJO7POu6UZgTM-nWJ9Hhw-m32asOhtEU4XEoNERc46as54Oi4oYWLCznO26aTfDkUYbVozwW8l_UD5RLRtILcxNRJvuhTlAIqaNzo52lGw9UtJMCxbOEGKeXnpmHoizoMY6dimv-qaUmBNJsSwyxJL8xxg-k1u3dpfzRkeC8JtUx0ByCp5BfmtcaP54MZX2npEQbelJKZSdsYEk1ChNdyYMfd089fPCQzluOi1lnaOw-B267vCVGqM6vHyBEOpp0GVP7Yl-MO755fqPYn_Lvfg_BlY1jDUH2MowTt4ySp6H_5p17356M-y4OEHpME4MBJag', '1', '2019-08-21 05:32:34', '2019-08-21 11:02:35'),
(3, 'Ritu Nagar', '9713697139', 'ritu@cuminte.com', 'e10adc3949ba59abbe56e057f20f883e', 'eyJ0eXAiOiJKV1QiLCJhbGciOiJSUzI1NiIsImp0aSI6ImM2OTE2NWI3ZWFhY2YzODA5NGM0ZGYyNGEzZTQ1NzQ0YzllYjVmNjUyZDQyYzA1OGFhZTk3MmY1MzkxYjExMmVlNzExZGZhYTgyYjIxZDliIn0.eyJhdWQiOiIxIiwianRpIjoiYzY5MTY1YjdlYWFjZjM4MDk0YzRkZjI0YTNlNDU3NDRjOWViNWY2NTJkNDJjMDU4YWFlOTcyZjUzOTFiMTEyZWU3MTFkZmFhODJiMjFkOWIiLCJpYXQiOjE1NjYzODU3MzYsIm5iZiI6MTU2NjM4NTczNiwiZXhwIjoxNTk4MDA4MTM2LCJzdWIiOiIzIiwic2NvcGVzIjpbXX0.cxOHPwMhNjgvZCeb-a6GyM9XmO8mqISSudGpTi1zGO0MkFeTOOKZ5KZ1mMQJ0as35PpvCHXpQwLTvJMwkThOJdfeDPA_Ee8AVhh2_89_d5-Y81cR6tHUpbkA-4W5cjo7ICmLUdLKEW2AlLvSqMXaHIs6au_I4zHgtxO8wx-KRXsAhwRV-F5oWt6MBJx4eT0boZSRQkmPQ7KaKq92Mo2BKVDHgB9ohIGbH3Qj9gVwaRiEItXSRdf8z_MBqSaLTk4iLjlBWFXvkB1Ub8D6YjjS3E_P41BIR6elhjLFex6lHFSxvrBvnW4uxef2ceAUcQi9KVb_SKXbebH5Fkj8ML6X2pWKfoKk_3f1qo9_DkbGTblIABa0RY25z838n9LajoPdUJ2FfhJk6EwMTmF4TYQrJEzSYXlgLinTZM6G0zN9VCCKo7hRizEBDT0R63kdc0b28-7uE3fkO5-TQH94VBDkhnlLU3p_mVcfVP6v6CoDVuGVzZGcyCj76yw8Lsu5DEZMlcSiGgXJL583MYjZ_sTSKttwcw7Ax1hqWbusebwTaqIAsKBqk4cxuwJBAduDVP5TWyJfKXJPHmOovdEV6wBASiLuo24ihg3xAX_J77hr1BtUcv4tSjQAOkp3s6T3YEmZcdgMa1WT6w3AGW1xgBIcQiKPEPtQHNKcpPaSiG0Ggyc', '1', '2019-08-21 05:38:56', '2019-08-21 11:08:56'),
(4, 'bharat khanna', '9646201038', 'bharat@cuminte.com', '25d55ad283aa400af464c76d713c07ad', 'eyJ0eXAiOiJKV1QiLCJhbGciOiJSUzI1NiIsImp0aSI6IjFjMzQxZDBkODRiOWVlOWNjYmEwZjYzYWI0NmFhOWE0Yjc2NTMwNWI0NjdhNzIzYjNjNTE5MzUxNGJhZmM4MWQ4OTQ3Zjc3N2NmODYxZTQwIn0.eyJhdWQiOiIxIiwianRpIjoiMWMzNDFkMGQ4NGI5ZWU5Y2NiYTBmNjNhYjQ2YWE5YTRiNzY1MzA1YjQ2N2E3MjNiM2M1MTkzNTE0YmFmYzgxZDg5NDdmNzc3Y2Y4NjFlNDAiLCJpYXQiOjE1NjY0Njk5NTIsIm5iZiI6MTU2NjQ2OTk1MiwiZXhwIjoxNTk4MDkyMzUxLCJzdWIiOiI0Iiwic2NvcGVzIjpbXX0.SGzXdsETKPJ9Jciugm_JSFSIKzrNBtK9VHuh5KM_rP5WSUDG4WKOwVv6EnIdqmuQ4xhA8SF76-QwwyIogKO72F_rV0mn6yymkQHhJV-sT1hd44angDy6UKtqqV7O54cXCUXNB--zPgPAED6QgeOE2kdmguVJ_eukKlie1gLWBgiHEX_1UpC035-Kn48m-0g8IGaSzRECElZRtbW7AaRAKKsadHqfY6OVK57lN4Pd42ceuJi67v-ebb4mbs0Kaes2WD1D3unCR9fC1Y3z4cwfNRHphA1d0K7U-vEy7gGLKseknEj2hddAQbUBhXb-D9J2XTFLpiYCe37Y5zygO2OENVDCBf67EMF2M3IAIfFFk4YA5fhcMaq7Uk3hL3I_FpVlyyvh1zmN1DLpE9ctMHHIYxRVbkH7AclA3UvLS_txTwXg6_EJOVcK8x-ty5tX8iTL59JQgjES7hN1HZI0DfM-pkVAuxZGg6qbWTh1TEl2O7jPD5P7RHrlOHSf3il42ZsXa20aMrw3Lz9eSPWu5JZ1yFd5-y2suxBhiBF3ByWYNa9ePKAqTyGP4jrLB5VHeMpdDyvoJFKxvRmY9zYNZgzR5PlMC9LFanO9yhnC8CyehjTf-iEN2DIgqydF9UXpnPTuHgoNJ2qUrbBixhtaa3Gq_EM7qUVzQNv0yk1jqkf05w4', '1', '2019-08-22 05:02:29', '2019-08-22 10:32:32');

--
-- Indexes for dumped tables
--

--
-- Indexes for table `categories`
--
ALTER TABLE `categories`
  ADD PRIMARY KEY (`id`);

--
-- Indexes for table `cat_measurement`
--
ALTER TABLE `cat_measurement`
  ADD PRIMARY KEY (`id`);

--
-- Indexes for table `counters`
--
ALTER TABLE `counters`
  ADD PRIMARY KEY (`id`);

--
-- Indexes for table `fits`
--
ALTER TABLE `fits`
  ADD PRIMARY KEY (`id`);

--
-- Indexes for table `measurements`
--
ALTER TABLE `measurements`
  ADD PRIMARY KEY (`id`);

--
-- Indexes for table `migrations`
--
ALTER TABLE `migrations`
  ADD PRIMARY KEY (`id`);

--
-- Indexes for table `oauth_access_tokens`
--
ALTER TABLE `oauth_access_tokens`
  ADD PRIMARY KEY (`id`),
  ADD KEY `oauth_access_tokens_user_id_index` (`user_id`);

--
-- Indexes for table `oauth_auth_codes`
--
ALTER TABLE `oauth_auth_codes`
  ADD PRIMARY KEY (`id`);

--
-- Indexes for table `oauth_clients`
--
ALTER TABLE `oauth_clients`
  ADD PRIMARY KEY (`id`),
  ADD KEY `oauth_clients_user_id_index` (`user_id`);

--
-- Indexes for table `oauth_personal_access_clients`
--
ALTER TABLE `oauth_personal_access_clients`
  ADD PRIMARY KEY (`id`),
  ADD KEY `oauth_personal_access_clients_client_id_index` (`client_id`);

--
-- Indexes for table `oauth_refresh_tokens`
--
ALTER TABLE `oauth_refresh_tokens`
  ADD PRIMARY KEY (`id`),
  ADD KEY `oauth_refresh_tokens_access_token_id_index` (`access_token_id`);

--
-- Indexes for table `orders`
--
ALTER TABLE `orders`
  ADD PRIMARY KEY (`id`);

--
-- Indexes for table `order_categories`
--
ALTER TABLE `order_categories`
  ADD PRIMARY KEY (`id`);

--
-- Indexes for table `order_status`
--
ALTER TABLE `order_status`
  ADD PRIMARY KEY (`id`);

--
-- Indexes for table `tailors`
--
ALTER TABLE `tailors`
  ADD PRIMARY KEY (`id`);

--
-- Indexes for table `users`
--
ALTER TABLE `users`
  ADD PRIMARY KEY (`id`);

--
-- AUTO_INCREMENT for dumped tables
--

--
-- AUTO_INCREMENT for table `categories`
--
ALTER TABLE `categories`
  MODIFY `id` int(10) UNSIGNED NOT NULL AUTO_INCREMENT, AUTO_INCREMENT=9;

--
-- AUTO_INCREMENT for table `cat_measurement`
--
ALTER TABLE `cat_measurement`
  MODIFY `id` int(11) NOT NULL AUTO_INCREMENT, AUTO_INCREMENT=17;

--
-- AUTO_INCREMENT for table `counters`
--
ALTER TABLE `counters`
  MODIFY `id` int(10) UNSIGNED NOT NULL AUTO_INCREMENT, AUTO_INCREMENT=3;

--
-- AUTO_INCREMENT for table `fits`
--
ALTER TABLE `fits`
  MODIFY `id` int(10) UNSIGNED NOT NULL AUTO_INCREMENT, AUTO_INCREMENT=8;

--
-- AUTO_INCREMENT for table `measurements`
--
ALTER TABLE `measurements`
  MODIFY `id` int(10) UNSIGNED NOT NULL AUTO_INCREMENT, AUTO_INCREMENT=12;

--
-- AUTO_INCREMENT for table `orders`
--
ALTER TABLE `orders`
  MODIFY `id` int(11) NOT NULL AUTO_INCREMENT, AUTO_INCREMENT=77;

--
-- AUTO_INCREMENT for table `order_categories`
--
ALTER TABLE `order_categories`
  MODIFY `id` int(11) NOT NULL AUTO_INCREMENT, AUTO_INCREMENT=286;

--
-- AUTO_INCREMENT for table `order_status`
--
ALTER TABLE `order_status`
  MODIFY `id` int(11) NOT NULL AUTO_INCREMENT, AUTO_INCREMENT=18;

--
-- AUTO_INCREMENT for table `tailors`
--
ALTER TABLE `tailors`
  MODIFY `id` int(10) UNSIGNED NOT NULL AUTO_INCREMENT, AUTO_INCREMENT=26;

--
-- AUTO_INCREMENT for table `users`
--
ALTER TABLE `users`
  MODIFY `id` int(10) UNSIGNED NOT NULL AUTO_INCREMENT, AUTO_INCREMENT=5;
COMMIT;

/*!40101 SET CHARACTER_SET_CLIENT=@OLD_CHARACTER_SET_CLIENT */;
/*!40101 SET CHARACTER_SET_RESULTS=@OLD_CHARACTER_SET_RESULTS */;
/*!40101 SET COLLATION_CONNECTION=@OLD_COLLATION_CONNECTION */;
